Ticker,Error
AGS,Empty DataFrame
AKYA,Empty DataFrame
AMPS,Empty DataFrame
ARIS,Empty DataFrame
ATSG,Empty DataFrame
AVDX,Empty DataFrame
AVTE,Empty DataFrame
BASE,Empty DataFrame
BECN,Empty DataFrame
BHLB,Empty DataFrame
BIGC,Empty DataFrame
BLDE,Empty DataFrame
BLUE,Empty DataFrame
BPMC,Empty DataFrame
BRKL,Empty DataFrame
BYON,Empty DataFrame
CHX,Empty DataFrame
COOP,Empty DataFrame
CRDA,Empty DataFrame
CRGX,Empty DataFrame
CSWI,Empty DataFrame
DESP,Empty DataFrame
DTC,Empty DataFrame
EBTC,Empty DataFrame
ELEV,Empty DataFrame
ENFN,Empty DataFrame
ESGR,Empty DataFrame
ESSA,Empty DataFrame
ETNB,Empty DataFrame
ETWO,Empty DataFrame
EVRI,Empty DataFrame
FARO,Empty DataFrame
FFNW,Empty DataFrame
FL,Empty DataFrame
FLIC,Empty DataFrame
FNA,Empty DataFrame
GEFB,Empty DataFrame
GMS,Empty DataFrame
GNTY,Empty DataFrame
GOGL,Empty DataFrame
GTXI,Empty DataFrame
HBI,Empty DataFrame
HEES,Empty DataFrame
HLVX,Empty DataFrame
HMST,Empty DataFrame
HONE,Empty DataFrame
IGMS,Empty DataFrame
IGT,Empty DataFrame
INH,Empty DataFrame
INZY,Empty DataFrame
ITOS,Empty DataFrame
KIND,Empty DataFrame
KLG,Empty DataFrame
LANC,Empty DataFrame
LGFA,Empty DataFrame
LGFB,Empty DataFrame
LGTY,Empty DataFrame
LSEA,Empty DataFrame
METCV,Empty DataFrame
MHLD,Empty DataFrame
ML,Empty DataFrame
MLNK,Empty DataFrame
MOGA,Empty DataFrame
MRC,Empty DataFrame
MSFUT,Empty DataFrame
MTAL,Empty DataFrame
MTSR,Empty DataFrame
NOVA,Empty DataFrame
NVEE,Empty DataFrame
NYMT,Empty DataFrame
OB,Empty DataFrame
OLO,Empty DataFrame
PBPB,Empty DataFrame
PDCO,Empty DataFrame
PDLI,Empty DataFrame
PHLT,Empty DataFrame
PLL,Empty DataFrame
PPBI,Empty DataFrame
PRO,Empty DataFrame
PVBC,Empty DataFrame
RDFN,Empty DataFrame
RDUS,Empty DataFrame
RGLS,Empty DataFrame
RMBL,Empty DataFrame
SAGE,Empty DataFrame
SBT,Empty DataFrame
SCPH,Empty DataFrame
SHYF,Empty DataFrame
SJW,Empty DataFrame
SLRN,Empty DataFrame
SPTN,Empty DataFrame
SRDX,Empty DataFrame
SSBK,Empty DataFrame
STR,Empty DataFrame
SWI,Empty DataFrame
SWTX,Empty DataFrame
TGI,Empty DataFrame
THRD,Empty DataFrame
TRML,Empty DataFrame
VBTX,Empty DataFrame
VCSA,Empty DataFrame
VERV,Empty DataFrame
VMEO,Empty DataFrame
VRNT,Empty DataFrame
WLLBW,Empty DataFrame
WNS,Empty DataFrame
YMAB,Empty DataFrame
ZIMV,Empty DataFrame
